{"cameraMode":{"drawMode":0,"name":"Shaded","section":"Shading Mode"},"sceneLighting":true,"audioPlay":false,"sceneViewState":{"showFog":true,"showMaterialUpdate":false,"showSkybox":true,"showFlares":true,"showImageEffects":true,"showParticleSystems":true,"showVisualEffectGraphs":true,"m_FxEnabled":true},"in2DMode":false,"pivot":{"x":-0.5683026909828186,"y":4.58969783782959,"z":-3.224036931991577},"rotation":{"x":0.43036356568336489,"y":-1.8168169901855436e-7,"z":-0.0000011422134775784799,"w":0.9026490449905396},"size":10.550347328186036,"orthographic":true}